game_id,game_date,team_abbreviation,team_name,opponent_abbreviation,opponent_name,wl,pts,opponent_pts,plus_minus,efg_pct,tov_rate,oreb_pct,ft_rate,fg3_attempt_rate,ast_to_tov_ratio,efg_diff,tov_rate_advantage,oreb_pct_diff,ft_rate_diff,fg3_attempt_rate_diff,ast_to_tov_ratio_diff
0042500121,2026-04-18,ATL,Atlanta Hawks,NYK,New York Knicks,L,102,113,-11,0.5172413793103449,0.11177347242921014,0.1702127659574468,0.21839080459770116,0.42528735632183906,2.0833333333333335,-0.032758620689655175,-0.006207253619229328,0.012318029115341545,-0.15660919540229884,0.11278735632183907,0.0833333333333333
0042500121,2026-04-18,NYK,New York Knicks,ATL,Atlanta Hawks,W,113,102,11,0.55,0.10556621880998081,0.15789473684210525,0.375,0.3125,2.0,0.032758620689655175,0.006207253619229328,-0.012318029115341545,0.15660919540229884,-0.11278735632183907,-0.0833333333333333
0042500131,2026-04-18,CLE,Cleveland Cavaliers,TOR,Toronto Raptors,W,126,113,13,0.6419753086419753,0.15409717186366934,0.23333333333333334,0.345679012345679,0.3950617283950617,1.4117647058823528,0.02929925230394714,0.018316621239778952,0.1,-0.14727873413319423,0.014780038254216659,-0.1993464052287582
0042500131,2026-04-18,TOR,Toronto Raptors,CLE,Cleveland Cavaliers,L,113,126,-13,0.6126760563380281,0.1724137931034483,0.13333333333333333,0.49295774647887325,0.38028169014084506,1.6111111111111112,-0.02929925230394714,-0.018316621239778952,-0.1,0.14727873413319423,-0.014780038254216659,0.1993464052287582
0042500161,2026-04-18,DEN,Denver Nuggets,MIN,Minnesota Timberwolves,W,116,105,11,0.4942528735632184,0.12119113573407202,0.18181818181818182,0.3793103448275862,0.41379310344827586,1.9285714285714286,-0.028735632183908046,-0.0012206669263939121,0.029644268774703556,0.16091954022988506,0.022988505747126436,0.3131868131868132
0042500161,2026-04-18,MIN,Minnesota Timberwolves,DEN,Denver Nuggets,L,105,116,-11,0.5229885057471264,0.11997046880767812,0.15217391304347827,0.21839080459770116,0.39080459770114945,1.6153846153846154,0.028735632183908046,0.0012206669263939121,-0.029644268774703556,-0.16091954022988506,-0.022988505747126436,-0.3131868131868132
0042500171,2026-04-18,HOU,Houston Rockets,LAL,Los Angeles Lakers,L,98,107,-9,0.43548387096774194,0.1111111111111111,0.39622641509433965,0.26881720430107525,0.3548387096774194,1.8461538461538463,-0.24633431085043989,0.09414340448823208,0.2808417997097242,-0.12512218963831867,0.06695992179863147,0.3961538461538462
0042500171,2026-04-18,LAL,Los Angeles Lakers,HOU,Houston Rockets,W,107,98,9,0.6818181818181818,0.20525451559934318,0.11538461538461539,0.3939393939393939,0.2878787878787879,1.45,0.24633431085043989,-0.09414340448823208,-0.2808417997097242,0.12512218963831867,-0.06695992179863147,-0.3961538461538462
0042500101,2026-04-19,DET,Detroit Pistons,ORL,Orlando Magic,L,101,112,-11,0.4675324675324675,0.12996658002227998,0.15,0.4935064935064935,0.4155844155844156,1.3571428571428572,-0.07691197691197692,-0.021231531091507966,-0.1,0.2823953823953824,0.03780663780663781,-0.8095238095238096
0042500101,2026-04-19,ORL,Orlando Magic,DET,Detroit Pistons,W,112,101,11,0.5444444444444444,0.10873504893077202,0.25,0.2111111111111111,0.37777777777777777,2.1666666666666665,0.07691197691197692,0.021231531091507966,0.1,-0.2823953823953824,-0.03780663780663781,0.8095238095238096
0042500111,2026-04-19,BOS,Boston Celtics,PHI,Philadelphia 76ers,W,123,91,32,0.5888888888888889,0.09117432530999271,0.14705882352941177,0.24444444444444444,0.4888888888888889,3.1,0.17777777777777778,0.03912449331405177,-0.07743097238895558,-0.011111111111111112,0.23333333333333334,1.7666666666666666
0042500111,2026-04-19,PHI,Philadelphia 76ers,BOS,Boston Celtics,L,91,123,-32,0.4111111111111111,0.13029881862404447,0.22448979591836735,0.25555555555555554,0.25555555555555554,1.3333333333333333,-0.17777777777777778,-0.03912449331405177,0.07743097238895558,0.011111111111111112,-0.23333333333333334,-1.7666666666666666
0042500141,2026-04-19,OKC,Oklahoma City Thunder,PHX,Phoenix Suns,W,119,84,35,0.5268817204301075,0.07199424046076314,0.38,0.24731182795698925,0.4946236559139785,3.5,0.09917087705661355,0.10085874352759203,0.09428571428571429,0.030444358077471177,0.02474413784168934,2.6578947368421053
0042500141,2026-04-19,PHX,Phoenix Suns,OKC,Oklahoma City Thunder,L,84,119,-35,0.42771084337349397,0.17285298398835516,0.2857142857142857,0.21686746987951808,0.46987951807228917,0.8421052631578947,-0.09917087705661355,-0.10085874352759203,-0.09428571428571429,-0.030444358077471177,-0.02474413784168934,-2.6578947368421053
0042500151,2026-04-19,POR,Portland Trail Blazers,SAS,San Antonio Spurs,L,98,111,-13,0.4835164835164835,0.10253542132736763,0.19047619047619047,0.13186813186813187,0.4175824175824176,2.5454545454545454,-0.08195970695970696,0.029093010413888475,-0.07781649245063879,-0.09432234432234432,0.024725274725274724,0.8311688311688312
0042500151,2026-04-19,SAS,San Antonio Spurs,POR,Portland Trail Blazers,W,111,98,13,0.5654761904761905,0.1316284317412561,0.2682926829268293,0.2261904761904762,0.39285714285714285,1.7142857142857142,0.08195970695970696,-0.029093010413888475,0.07781649245063879,0.09432234432234432,-0.024725274725274724,-0.8311688311688312
0042500122,2026-04-20,ATL,Atlanta Hawks,NYK,New York Knicks,W,107,106,1,0.5493827160493827,0.11636927851047324,0.15384615384615385,0.2839506172839506,0.37037037037037035,1.8333333333333333,0.037888463175819495,0.007656235309512591,-0.16433566433566432,-0.02639421030225628,-0.020434227330779056,0.2619047619047619
0042500122,2026-04-20,NYK,New York Knicks,ATL,Atlanta Hawks,L,106,107,-1,0.5114942528735632,0.12402551381998582,0.3181818181818182,0.3103448275862069,0.39080459770114945,1.5714285714285714,-0.037888463175819495,-0.007656235309512591,0.16433566433566432,0.02639421030225628,0.020434227330779056,-0.2619047619047619
0042500132,2026-04-20,CLE,Cleveland Cavaliers,TOR,Toronto Raptors,W,115,105,10,0.608433734939759,0.13123359580052493,0.21052631578947367,0.26506024096385544,0.4819277108433735,1.5714285714285714,0.060240963855421686,0.0643567313687496,-0.09716599190283401,0.060240963855421686,0.1686746987951807,0.5259740259740259
0042500132,2026-04-20,TOR,Toronto Raptors,CLE,Cleveland Cavaliers,L,105,115,-10,0.5481927710843374,0.19559032716927455,0.3076923076923077,0.20481927710843373,0.3132530120481928,1.0454545454545454,-0.060240963855421686,-0.0643567313687496,0.09716599190283401,-0.060240963855421686,-0.1686746987951807,-0.5259740259740259
0042500162,2026-04-20,DEN,Denver Nuggets,MIN,Minnesota Timberwolves,L,114,119,-5,0.5290697674418605,0.08317929759704251,0.1111111111111111,0.3488372093023256,0.47674418604651164,3.111111111111111,-0.02648578811369509,0.020987369069624152,-0.08037825059101655,0.015503875968992248,0.09896640826873385,0.611111111111111
0042500162,2026-04-20,MIN,Minnesota Timberwolves,DEN,Denver Nuggets,W,119,114,5,0.5555555555555556,0.10416666666666667,0.19148936170212766,0.3333333333333333,0.37777777777777777,2.5,0.02648578811369509,-0.020987369069624152,0.08037825059101655,-0.015503875968992248,-0.09896640826873385,-0.611111111111111
0042500112,2026-04-21,BOS,Boston Celtics,PHI,Philadelphia 76ers,L,97,111,-14,0.46629213483146065,0.11826783114992721,0.375,0.20224719101123595,0.5617977528089888,1.8461538461538463,-0.11704119850187265,-0.03159602837642953,0.10227272727272728,0.08002496878901373,0.12846441947565543,-0.1538461538461538
0042500112,2026-04-21,PHI,Philadelphia 76ers,BOS,Boston Celtics,W,111,97,14,0.5833333333333334,0.08667180277349769,0.2727272727272727,0.12222222222222222,0.43333333333333335,2.0,0.11704119850187265,0.03159602837642953,-0.10227272727272728,-0.08002496878901373,-0.12846441947565543,0.1538461538461538
0042500152,2026-04-21,POR,Portland Trail Blazers,SAS,San Antonio Spurs,W,106,103,3,0.5,0.13144058885383805,0.3125,0.25842696629213485,0.42696629213483145,1.3333333333333333,0.01744186046511628,0.015975297375783855,0.0125,-0.06715442905670238,0.147896524692971,0.2156862745098039
0042500152,2026-04-21,SAS,San Antonio Spurs,POR,Portland Trail Blazers,L,103,106,-3,0.48255813953488375,0.14741588622962193,0.3,0.32558139534883723,0.27906976744186046,1.1176470588235294,-0.01744186046511628,-0.015975297375783855,-0.0125,0.06715442905670238,-0.147896524692971,-0.2156862745098039
0042500172,2026-04-21,HOU,Houston Rockets,LAL,Los Angeles Lakers,L,94,101,-7,0.4438202247191011,0.133499466002136,0.37777777777777777,0.21348314606741572,0.3258426966292135,1.5333333333333332,-0.10479088639201,0.01752751748558048,0.1130718954248366,-0.17540574282147317,-0.06304619225967541,0.1333333333333333
0042500172,2026-04-21,LAL,Los Angeles Lakers,HOU,Houston Rockets,W,101,94,7,0.5486111111111112,0.15102698348771648,0.2647058823529412,0.3888888888888889,0.3888888888888889,1.4,0.10479088639201,-0.01752751748558048,-0.1130718954248366,0.17540574282147317,0.06304619225967541,-0.1333333333333333
0042500102,2026-04-22,DET,Detroit Pistons,ORL,Orlando Magic,W,98,83,15,0.49411764705882355,0.19399460188933873,0.3695652173913043,0.2823529411764706,0.3058823529411765,0.9565217391304348,0.11911764705882352,-0.02597196304957927,0.12428219852337982,-0.11764705882352941,-0.09411764705882353,0.06178489702517163
0042500102,2026-04-22,ORL,Orlando Magic,DET,Detroit Pistons,L,83,98,-15,0.375,0.16802263883975946,0.24528301886792453,0.4,0.4,0.8947368421052632,-0.11911764705882352,0.02597196304957927,-0.12428219852337982,0.11764705882352941,0.09411764705882353,-0.06178489702517163
0042500142,2026-04-22,OKC,Oklahoma City Thunder,PHX,Phoenix Suns,W,120,107,13,0.5494505494505495,0.08928571428571429,0.2926829268292683,0.27472527472527475,0.43956043956043955,2.4,0.02592113768584357,0.09926416572799843,-0.05615428247305729,0.01590174531351002,0.07485455720749838,1.3545454545454545
0042500142,2026-04-22,PHX,Phoenix Suns,OKC,Oklahoma City Thunder,L,107,120,-13,0.5235294117647059,0.18854988001371273,0.3488372093023256,0.25882352941176473,0.36470588235294116,1.0454545454545454,-0.02592113768584357,-0.09926416572799843,0.05615428247305729,-0.01590174531351002,-0.07485455720749838,-1.3545454545454545
0042500123,2026-04-23,ATL,Atlanta Hawks,NYK,New York Knicks,W,109,108,1,0.5290697674418605,0.14104372355430184,0.28888888888888886,0.3023255813953488,0.38372093023255816,1.1875,0.045198799699924984,0.009206693807968618,-0.015458937198067632,0.08727181795448863,0.007376844211052763,0.1319444444444444
0042500123,2026-04-23,NYK,New York Knicks,ATL,Atlanta Hawks,L,108,109,-1,0.4838709677419355,0.15025041736227046,0.30434782608695654,0.21505376344086022,0.3763440860215054,1.0555555555555556,-0.045198799699924984,-0.009206693807968618,0.015458937198067632,-0.08727181795448863,-0.007376844211052763,-0.1319444444444444
0042500133,2026-04-23,CLE,Cleveland Cavaliers,TOR,Toronto Raptors,L,104,126,-22,0.5308641975308642,0.19448373408769448,0.4,0.2839506172839506,0.5555555555555556,1.0454545454545454,-0.12430821626223926,-0.083618989076608,0.10270270270270271,0.04257130693912303,0.29118773946360155,-1.371212121212121
0042500133,2026-04-23,TOR,Toronto Raptors,CLE,Cleveland Cavaliers,W,126,104,22,0.6551724137931034,0.11086474501108648,0.2972972972972973,0.2413793103448276,0.26436781609195403,2.4166666666666665,0.12430821626223926,0.083618989076608,-0.10270270270270271,-0.04257130693912303,-0.29118773946360155,1.371212121212121
0042500163,2026-04-23,DEN,Denver Nuggets,MIN,Minnesota Timberwolves,L,96,113,-17,0.3902439024390244,0.09124087591240876,0.1276595744680851,0.4878048780487805,0.3902439024390244,1.2,-0.13126147390506163,0.005897944292465844,-0.1332099907493062,0.2619984264358773,0.024652504589562026,-1.6181818181818182
0042500163,2026-04-23,MIN,Minnesota Timberwolves,DEN,Denver Nuggets,W,113,96,17,0.521505376344086,0.0971388202048746,0.2608695652173913,0.22580645161290322,0.3655913978494624,2.8181818181818183,0.13126147390506163,-0.005897944292465844,0.1332099907493062,-0.2619984264358773,-0.024652504589562026,1.6181818181818182
0042500113,2026-04-24,BOS,Boston Celtics,PHI,Philadelphia 76ers,W,108,100,8,0.5679012345679012,0.16116799393249906,0.38461538461538464,0.20987654320987653,0.5802469135802469,1.2352941176470589,0.06215410813111963,-0.05644598326989433,0.08228980322003578,0.02596849723286505,0.17794806300553426,-0.4010695187165776
0042500113,2026-04-24,PHI,Philadelphia 76ers,BOS,Boston Celtics,L,100,108,-8,0.5057471264367817,0.10472201066260473,0.3023255813953488,0.1839080459770115,0.40229885057471265,1.6363636363636365,-0.06215410813111963,0.05644598326989433,-0.08228980322003578,-0.02596849723286505,-0.17794806300553426,0.4010695187165776
0042500153,2026-04-24,POR,Portland Trail Blazers,SAS,San Antonio Spurs,L,108,120,-12,0.4888888888888889,0.09669479606188466,0.3076923076923077,0.32222222222222224,0.4222222222222222,1.9090909090909092,-0.0743295019157088,0.034515840747072646,-0.017889087656529516,0.0003831417624521073,0.04291187739463601,0.1090909090909091
0042500153,2026-04-24,SAS,San Antonio Spurs,POR,Portland Trail Blazers,W,120,108,12,0.5632183908045977,0.1312106368089573,0.32558139534883723,0.3218390804597701,0.3793103448275862,1.8,0.0743295019157088,-0.034515840747072646,0.017889087656529516,-0.0003831417624521073,-0.04291187739463601,-0.1090909090909091
0042500173,2026-04-24,HOU,Houston Rockets,LAL,Los Angeles Lakers,L,108,112,-4,0.4642857142857143,0.1358695652173913,0.3333333333333333,0.23469387755102042,0.3979591836734694,1.2352941176470589,-0.0926763110307414,0.04821178120617111,0.10833333333333334,-0.1703694135882201,0.03087057607853268,-0.0980392156862745
0042500173,2026-04-24,LAL,Los Angeles Lakers,HOU,Houston Rockets,W,112,108,4,0.5569620253164557,0.18408134642356241,0.225,0.4050632911392405,0.3670886075949367,1.3333333333333333,0.0926763110307414,-0.04821178120617111,-0.10833333333333334,0.1703694135882201,-0.03087057607853268,0.0980392156862745
0042500103,2026-04-25,DET,Detroit Pistons,ORL,Orlando Magic,L,105,113,-8,0.5,0.14342058085335246,0.22727272727272727,0.2823529411764706,0.3764705882352941,1.5,0.011235955056179775,-0.024291921901684655,-0.07707509881422925,-0.08843357567746199,0.005684071381361533,-0.0714285714285714
0042500103,2026-04-25,ORL,Orlando Magic,DET,Detroit Pistons,W,113,105,8,0.4887640449438202,0.1191286589516678,0.30434782608695654,0.3707865168539326,0.3707865168539326,1.5714285714285714,-0.011235955056179775,0.024291921901684655,0.07707509881422925,0.08843357567746199,-0.005684071381361533,0.0714285714285714
0042500124,2026-04-25,ATL,Atlanta Hawks,NYK,New York Knicks,L,98,114,-16,0.46987951807228917,0.168141592920354,0.27906976744186046,0.30120481927710846,0.4939759036144578,1.0526315789473684,-0.10843373493975904,-0.029406853741663637,-0.03671970624235006,0.024096385542168676,0.12048192771084337,-0.4807017543859649
0042500124,2026-04-25,NYK,New York Knicks,ATL,Atlanta Hawks,W,114,98,16,0.5783132530120482,0.13873473917869034,0.3157894736842105,0.27710843373493976,0.37349397590361444,1.5333333333333332,0.10843373493975904,0.029406853741663637,0.03671970624235006,-0.024096385542168676,-0.12048192771084337,0.4807017543859649
0042500143,2026-04-25,OKC,Oklahoma City Thunder,PHX,Phoenix Suns,W,121,109,12,0.5604395604395604,0.07390983000739099,0.21052631578947367,0.23076923076923078,0.4065934065934066,2.875,0.04894530756599722,0.027828978723648604,0.005980861244019139,-0.03359858532272325,-0.06467096122268536,0.6022727272727273
0042500143,2026-04-25,PHX,Phoenix Suns,OKC,Oklahoma City Thunder,L,109,121,-12,0.5114942528735632,0.10173880873103959,0.20454545454545456,0.26436781609195403,0.47126436781609193,2.2727272727272725,-0.04894530756599722,-0.027828978723648604,-0.005980861244019139,0.03359858532272325,0.06467096122268536,-0.6022727272727273
0042500164,2026-04-25,DEN,Denver Nuggets,MIN,Minnesota Timberwolves,L,96,112,-16,0.41379310344827586,0.09147457006952067,0.2608695652173913,0.3218390804597701,0.3218390804597701,2.1,-0.07497094149554437,0.015249015842965986,-0.12008281573498965,0.029704248999095958,0.040940204055275736,0.2666666666666667
0042500164,2026-04-25,MIN,Minnesota Timberwolves,DEN,Denver Nuggets,W,112,96,16,0.4887640449438202,0.10672358591248667,0.38095238095238093,0.29213483146067415,0.2808988764044944,1.8333333333333333,0.07497094149554437,-0.015249015842965986,0.12008281573498965,-0.029704248999095958,-0.040940204055275736,-0.2666666666666667
0042500114,2026-04-26,BOS,Boston Celtics,PHI,Philadelphia 76ers,W,128,96,32,0.6206896551724138,0.11574074074074074,0.3684210526315789,0.3218390804597701,0.6091954022988506,2.1538461538461537,0.15193965517241378,-0.025342990640298796,0.22888616891064872,0.021839080459770115,0.23419540229885058,-0.623931623931624
0042500114,2026-04-26,PHI,Philadelphia 76ers,BOS,Boston Celtics,L,96,128,-32,0.46875,0.09039775010044195,0.13953488372093023,0.3,0.375,2.7777777777777777,-0.15193965517241378,0.025342990640298796,-0.22888616891064872,-0.021839080459770115,-0.23419540229885058,0.623931623931624
0042500134,2026-04-26,CLE,Cleveland Cavaliers,TOR,Toronto Raptors,L,89,93,-4,0.42528735632183906,0.15635858234885336,0.2962962962962963,0.26436781609195403,0.45977011494252873,0.8333333333333334,0.08508117075482877,-0.06023554486086875,-0.04796599878567092,-0.10676620452660268,0.15049176442706483,-0.75
0042500134,2026-04-26,TOR,Toronto Raptors,CLE,Cleveland Cavaliers,W,93,89,4,0.3402061855670103,0.09612303748798462,0.3442622950819672,0.3711340206185567,0.30927835051546393,1.5833333333333333,-0.08508117075482877,0.06023554486086875,0.04796599878567092,0.10676620452660268,-0.15049176442706483,0.75
0042500154,2026-04-26,POR,Portland Trail Blazers,SAS,San Antonio Spurs,L,93,114,-21,0.4625,0.16648168701442842,0.18421052631578946,0.2875,0.3875,0.7777777777777778,-0.11221264367816092,-0.04552895162179722,-0.03530166880616174,0.09209770114942528,0.008189655172413794,-1.2222222222222223
0042500154,2026-04-26,SAS,San Antonio Spurs,POR,Portland Trail Blazers,W,114,93,21,0.5747126436781609,0.12095273539263118,0.21951219512195122,0.19540229885057472,0.3793103448275862,2.0,0.11221264367816092,0.04552895162179722,0.03530166880616174,-0.09209770114942528,-0.008189655172413794,1.2222222222222223
0042500174,2026-04-26,HOU,Houston Rockets,LAL,Los Angeles Lakers,W,115,96,19,0.5555555555555556,0.12077294685990338,0.2894736842105263,0.38271604938271603,0.37037037037037035,1.4615384615384615,0.02177177177177177,0.10302414377791833,-0.0046439628482972135,0.09893226559893227,0.07307307307307308,0.5032051282051282
0042500174,2026-04-26,LAL,Los Angeles Lakers,HOU,Houston Rockets,L,96,115,-19,0.5337837837837838,0.22379709063782172,0.29411764705882354,0.28378378378378377,0.2972972972972973,0.9583333333333334,-0.02177177177177177,-0.10302414377791833,0.0046439628482972135,-0.09893226559893227,-0.07307307307307308,-0.5032051282051282
0042500104,2026-04-27,DET,Detroit Pistons,ORL,Orlando Magic,L,88,94,-6,0.4146341463414634,0.17494751574527642,0.25,0.34146341463414637,0.36585365853658536,0.9,0.039634146341463415,-0.07407327230210224,-0.05188679245283019,-0.028101802757158005,-0.014581124072110286,-0.35
0042500104,2026-04-27,ORL,Orlando Magic,DET,Detroit Pistons,W,94,88,6,0.375,0.10087424344317418,0.3018867924528302,0.3695652173913043,0.3804347826086957,1.25,-0.039634146341463415,0.07407327230210224,0.05188679245283019,0.028101802757158005,0.014581124072110286,0.35
0042500144,2026-04-27,OKC,Oklahoma City Thunder,PHX,Phoenix Suns,W,131,122,9,0.6402439024390244,0.15151515151515152,0.3611111111111111,0.36585365853658536,0.4146341463414634,1.647058823529412,0.029132791327913278,-0.04146379421507815,0.08333333333333333,0.1880758807588076,-0.01869918699186992,-0.3529411764705882
0042500144,2026-04-27,PHX,Phoenix Suns,OKC,Oklahoma City Thunder,L,122,131,-9,0.6111111111111112,0.11005135730007337,0.2777777777777778,0.17777777777777778,0.43333333333333335,2.0,-0.029132791327913278,0.04146379421507815,-0.08333333333333333,-0.1880758807588076,0.01869918699186992,0.3529411764705882
0042500165,2026-04-27,DEN,Denver Nuggets,MIN,Minnesota Timberwolves,W,125,113,12,0.6325301204819277,0.14545454545454545,0.14705882352941177,0.30120481927710846,0.3493975903614458,2.1875,0.0522832069016808,0.06983997745279179,-0.12566844919786097,0.017254201993157817,0.003718578015766771,1.1475
0042500165,2026-04-27,MIN,Minnesota Timberwolves,DEN,Denver Nuggets,L,113,125,-12,0.5802469135802469,0.21529452290733725,0.2727272727272727,0.2839506172839506,0.345679012345679,1.04,-0.0522832069016808,-0.06983997745279179,0.12566844919786097,-0.017254201993157817,-0.003718578015766771,-1.1475
0042500115,2026-04-28,BOS,Boston Celtics,PHI,Philadelphia 76ers,L,97,113,-16,0.46629213483146065,0.1079913606911447,0.2631578947368421,0.25842696629213485,0.43820224719101125,2.0833333333333335,-0.12986171132238547,-0.006075339492612299,0.1349527665317139,-0.03644482857966004,-0.10025929127052723,-0.3166666666666667
0042500115,2026-04-28,PHI,Philadelphia 76ers,BOS,Boston Celtics,W,113,97,16,0.5961538461538461,0.10191602119853241,0.1282051282051282,0.2948717948717949,0.5384615384615384,2.4,0.12986171132238547,0.006075339492612299,-0.1349527665317139,0.03644482857966004,0.10025929127052723,0.3166666666666667
0042500125,2026-04-28,ATL,Atlanta Hawks,NYK,New York Knicks,L,97,126,-29,0.5240963855421686,0.09952229299363058,0.1111111111111111,0.20481927710843373,0.5060240963855421,2.5,-0.11514412078694525,0.0052795362746621095,-0.15555555555555556,-0.2255604697270093,0.17691017233490924,0.1363636363636364
0042500125,2026-04-28,NYK,New York Knicks,ATL,Atlanta Hawks,W,126,97,29,0.6392405063291139,0.10480182926829268,0.26666666666666666,0.43037974683544306,0.3291139240506329,2.3636363636363638,0.11514412078694525,-0.0052795362746621095,0.15555555555555556,0.2255604697270093,-0.17691017233490924,-0.1363636363636364
0042500155,2026-04-28,POR,Portland Trail Blazers,SAS,San Antonio Spurs,L,95,114,-19,0.4095744680851064,0.07956152758132956,0.2857142857142857,0.24468085106382978,0.5,2.6666666666666665,-0.2170921985815603,0.0827141501582657,0.059907834101382486,-0.14198581560283688,0.1,1.0784313725490196
0042500155,2026-04-28,SAS,San Antonio Spurs,POR,Portland Trail Blazers,W,114,95,19,0.6266666666666667,0.16227567773959525,0.22580645161290322,0.38666666666666666,0.4,1.5882352941176472,0.2170921985815603,-0.0827141501582657,-0.059907834101382486,0.14198581560283688,-0.1,-1.0784313725490196
0042500105,2026-04-29,DET,Detroit Pistons,ORL,Orlando Magic,W,116,109,7,0.55,0.1512455516014235,0.3902439024390244,0.4375,0.35,1.1764705882352942,-0.03125,-0.004725405081276967,0.1951219512195122,0.0625,-0.125,-0.1360294117647059
0042500105,2026-04-29,ORL,Orlando Magic,DET,Detroit Pistons,L,109,116,-7,0.58125,0.14652014652014653,0.1951219512195122,0.375,0.475,1.3125,0.03125,0.004725405081276967,-0.1951219512195122,-0.0625,0.125,0.1360294117647059
0042500135,2026-04-29,CLE,Cleveland Cavaliers,TOR,Toronto Raptors,W,125,120,5,0.6419753086419753,0.13847858197932053,0.10810810810810811,0.345679012345679,0.4444444444444444,1.3333333333333333,0.09987004548408057,-0.014511639830560202,-0.21797884841363102,0.0825211176088369,0.044444444444444446,-0.8
0042500135,2026-04-29,TOR,Toronto Raptors,CLE,Cleveland Cavaliers,L,120,125,-5,0.5421052631578948,0.12396694214876033,0.32608695652173914,0.2631578947368421,0.4,2.1333333333333333,-0.09987004548408057,0.014511639830560202,0.21797884841363102,-0.0825211176088369,-0.044444444444444446,0.8
0042500175,2026-04-29,HOU,Houston Rockets,LAL,Los Angeles Lakers,W,99,93,6,0.5333333333333333,0.1134020618556701,0.17647058823529413,0.3333333333333333,0.5333333333333333,2.2727272727272725,0.0662280701754386,0.0323988712703019,-0.1406025824964132,-0.021929824561403508,0.1780701754385965,1.006060606060606
0042500175,2026-04-29,LAL,Los Angeles Lakers,HOU,Houston Rockets,L,93,99,-6,0.46710526315789475,0.145800933125972,0.3170731707317073,0.35526315789473684,0.35526315789473684,1.2666666666666666,-0.0662280701754386,-0.0323988712703019,0.1406025824964132,0.021929824561403508,-0.1780701754385965,-1.006060606060606
0042500116,2026-04-30,BOS,Boston Celtics,PHI,Philadelphia 76ers,L,93,106,-13,0.4883720930232558,0.12259524707657488,0.16666666666666666,0.18604651162790697,0.47674418604651164,1.3846153846153846,-0.011627906976744186,-0.012865912767869683,-0.007246376811594203,-0.027436634439508754,0.10595766919257904,-0.4487179487179487
0042500116,2026-04-30,PHI,Philadelphia 76ers,BOS,Boston Celtics,W,106,93,13,0.5,0.1097293343087052,0.17391304347826086,0.21348314606741572,0.3707865168539326,1.8333333333333333,0.011627906976744186,0.012865912767869683,0.007246376811594203,0.027436634439508754,-0.10595766919257904,0.4487179487179487
0042500126,2026-04-30,ATL,Atlanta Hawks,NYK,New York Knicks,L,89,140,-51,0.4329268292682927,0.17098632109431244,0.22916666666666666,0.2804878048780488,0.4268292682926829,1.1578947368421053,-0.2317790530846485,-0.08004416030857218,-0.043560606060606064,-0.11951219512195121,0.0032998565279770443,-2.1421052631578945
0042500126,2026-04-30,NYK,New York Knicks,ATL,Atlanta Hawks,W,140,89,51,0.6647058823529411,0.09094216078574027,0.2727272727272727,0.4,0.4235294117647059,3.3,0.2317790530846485,0.08004416030857218,0.043560606060606064,0.11951219512195121,-0.0032998565279770443,2.1421052631578945
0042500166,2026-04-30,DEN,Denver Nuggets,MIN,Minnesota Timberwolves,L,98,110,-12,0.52,0.13131313131313133,0.16216216216216217,0.3333333333333333,0.36,1.8461538461538463,0.025319148936170214,-0.0602399259115677,-0.2508813160987074,0.07801418439716312,0.05148936170212766,-1.4038461538461537
0042500166,2026-04-30,MIN,Minnesota Timberwolves,DEN,Denver Nuggets,W,110,98,12,0.4946808510638298,0.07107320540156362,0.41304347826086957,0.2553191489361702,0.30851063829787234,3.25,-0.025319148936170214,0.0602399259115677,0.2508813160987074,-0.07801418439716312,-0.05148936170212766,1.4038461538461537
0042500106,2026-05-01,DET,Detroit Pistons,ORL,Orlando Magic,W,93,79,14,0.45625,0.1073799297149551,0.3181818181818182,0.325,0.3375,1.4545454545454546,0.052403846153846155,0.004590754324132852,0.1442687747035573,0.05576923076923077,-0.12403846153846154,-0.3636363636363637
0042500106,2026-05-01,ORL,Orlando Magic,DET,Detroit Pistons,L,79,93,-14,0.40384615384615385,0.11197068403908794,0.17391304347826086,0.2692307692307692,0.46153846153846156,1.8181818181818181,-0.052403846153846155,-0.004590754324132852,-0.1442687747035573,-0.05576923076923077,0.12403846153846154,0.3636363636363637
0042500136,2026-05-01,CLE,Cleveland Cavaliers,TOR,Toronto Raptors,L,110,112,-2,0.489247311827957,0.146484375,0.40425531914893614,0.2903225806451613,0.44086021505376344,1.277777777777778,-0.04523544679273266,-0.005041659299858558,0.17169717961405245,0.025954764553207266,0.027067111605487578,-0.4097222222222222
0042500136,2026-05-01,TOR,Toronto Raptors,CLE,Cleveland Cavaliers,W,112,110,2,0.5344827586206896,0.14144271570014144,0.23255813953488372,0.26436781609195403,0.41379310344827586,1.6875,0.04523544679273266,0.005041659299858558,-0.17169717961405245,-0.025954764553207266,-0.027067111605487578,0.4097222222222222
0042500176,2026-05-01,HOU,Houston Rockets,LAL,Los Angeles Lakers,L,78,98,-20,0.38125,0.13389441469013008,0.1702127659574468,0.3,0.35,0.9285714285714286,-0.09066011235955056,-0.034400926991143096,-0.11824877250409166,0.030337078651685393,0.03539325842696629,-0.7987012987012987
0042500176,2026-05-01,LAL,Los Angeles Lakers,HOU,Houston Rockets,W,98,78,20,0.47191011235955055,0.09949348769898697,0.28846153846153844,0.2696629213483146,0.3146067415730337,1.7272727272727273,0.09066011235955056,0.034400926991143096,0.11824877250409166,-0.030337078651685393,-0.03539325842696629,0.7987012987012987
0042500117,2026-05-02,BOS,Boston Celtics,PHI,Philadelphia 76ers,L,100,109,-9,0.46774193548387094,0.047600913937547604,0.19607843137254902,0.17204301075268819,0.5268817204301075,3.8,-0.07494099134539732,0.041402250619414424,0.11499735029146795,-0.10844479412536061,0.1854183057959612,1.0222222222222221
0042500117,2026-05-02,PHI,Philadelphia 76ers,BOS,Boston Celtics,W,109,100,9,0.5426829268292683,0.08900316455696203,0.08108108108108109,0.2804878048780488,0.34146341463414637,2.7777777777777777,0.07494099134539732,-0.041402250619414424,-0.11499735029146795,0.10844479412536061,-0.1854183057959612,-1.0222222222222221
0042500107,2026-05-03,DET,Detroit Pistons,ORL,Orlando Magic,W,116,94,22,0.6125,0.13503086419753085,0.3142857142857143,0.275,0.4125,2.142857142857143,0.1325,0.01851999952607758,0.08351648351648351,-0.125,0.0125,1.0178571428571428
0042500107,2026-05-03,ORL,Orlando Magic,DET,Detroit Pistons,L,94,116,-22,0.48,0.15355086372360843,0.23076923076923078,0.4,0.4,1.125,-0.1325,-0.01851999952607758,-0.08351648351648351,0.125,-0.0125,-1.0178571428571428
0042500137,2026-05-03,CLE,Cleveland Cavaliers,TOR,Toronto Raptors,W,114,102,12,0.5117647058823529,0.14372675008454514,0.43478260869565216,0.43529411764705883,0.4588235294117647,1.352941176470588,0.02900608519269777,-0.019215899853310712,0.2858464384828862,0.13644354293441516,0.1369844489519946,-0.4327731092436975
0042500137,2026-05-03,TOR,Toronto Raptors,CLE,Cleveland Cavaliers,L,102,114,-12,0.4827586206896552,0.12451085023123444,0.14893617021276595,0.2988505747126437,0.3218390804597701,1.7857142857142858,-0.02900608519269777,0.019215899853310712,-0.2858464384828862,-0.13644354293441516,-0.1369844489519946,0.4327731092436975
0042500211,2026-05-04,NYK,New York Knicks,PHI,Philadelphia 76ers,W,137,98,39,0.7440476190476191,0.14087152516904583,0.2857142857142857,0.20238095238095238,0.44047619047619047,2.2666666666666666,0.25774624918460537,0.03676497445698259,0.08058608058608059,-0.2633724722765819,0.029517286366601433,1.4771929824561403
0042500211,2026-05-04,PHI,Philadelphia 76ers,NYK,New York Knicks,L,98,137,-39,0.4863013698630137,0.17763649962602843,0.20512820512820512,0.4657534246575342,0.410958904109589,0.7894736842105263,-0.25774624918460537,-0.03676497445698259,-0.08058608058608059,0.2633724722765819,-0.029517286366601433,-1.4771929824561403
0042500231,2026-05-04,MIN,Minnesota Timberwolves,SAS,San Antonio Spurs,W,104,102,2,0.5111111111111111,0.1158232359230221,0.2608695652173913,0.23333333333333334,0.28888888888888886,1.5384615384615385,0.0053639846743295016,0.012711468447157852,-0.01572617946345976,0.026436781609195402,-0.12490421455938697,-0.1758241758241758
0042500231,2026-05-04,SAS,San Antonio Spurs,MIN,Minnesota Timberwolves,L,102,104,-2,0.5057471264367817,0.12853470437017994,0.2765957446808511,0.20689655172413793,0.41379310344827586,1.7142857142857142,-0.0053639846743295016,-0.012711468447157852,0.01572617946345976,-0.026436781609195402,0.12490421455938697,0.1758241758241758
0042500201,2026-05-05,CLE,Cleveland Cavaliers,DET,Detroit Pistons,L,101,111,-10,0.5375,0.18684603886397608,0.275,0.2,0.475,1.15,0.0375,-0.07912611067726154,-0.07282608695652174,-0.21666666666666667,0.16547619047619047,-0.7666666666666667
0042500201,2026-05-05,DET,Detroit Pistons,CLE,Cleveland Cavaliers,W,111,101,10,0.5,0.10771992818671454,0.34782608695652173,0.4166666666666667,0.30952380952380953,1.9166666666666667,-0.0375,0.07912611067726154,0.07282608695652174,0.21666666666666667,-0.16547619047619047,0.7666666666666667
0042500221,2026-05-05,LAL,Los Angeles Lakers,OKC,Oklahoma City Thunder,L,90,108,-18,0.47058823529411764,0.16556291390728478,0.2553191489361702,0.15294117647058825,0.35294117647058826,1.4444444444444444,-0.1,-0.015017185642324286,0.018477043673012318,0.011764705882352941,0.0,-0.3680555555555556
0042500221,2026-05-05,OKC,Oklahoma City Thunder,LAL,Los Angeles Lakers,W,108,90,18,0.5705882352941176,0.1505457282649605,0.23684210526315788,0.1411764705882353,0.35294117647058826,1.8125,0.1,0.015017185642324286,-0.018477043673012318,-0.011764705882352941,0.0,0.3680555555555556
0042500212,2026-05-06,NYK,New York Knicks,PHI,Philadelphia 76ers,W,108,102,6,0.5506329113924051,0.1262135922330097,0.24324324324324326,0.31645569620253167,0.3291139240506329,1.9230769230769231,0.010632911392405063,0.04469411760367848,-0.038808038808038806,-0.05687763713080169,-0.12421940928270042,0.811965811965812
0042500212,2026-05-06,PHI,Philadelphia 76ers,NYK,New York Knicks,L,102,108,-6,0.54,0.17090770983668818,0.28205128205128205,0.37333333333333335,0.4533333333333333,1.1111111111111112,-0.010632911392405063,-0.04469411760367848,0.038808038808038806,0.05687763713080169,0.12421940928270042,-0.811965811965812
0042500232,2026-05-06,MIN,Minnesota Timberwolves,SAS,San Antonio Spurs,L,95,133,-38,0.44886363636363635,0.17793594306049823,0.2222222222222222,0.3522727272727273,0.3409090909090909,0.8636363636363636,-0.14002525252525252,-0.04517789460381053,-0.07323232323232323,-0.014393939393939395,-0.09242424242424242,-0.9488636363636364
0042500232,2026-05-06,SAS,San Antonio Spurs,MIN,Minnesota Timberwolves,W,133,95,38,0.5888888888888889,0.13275804845668768,0.29545454545454547,0.36666666666666664,0.43333333333333335,1.8125,0.14002525252525252,0.04517789460381053,0.07323232323232323,0.014393939393939395,0.09242424242424242,0.9488636363636364
0042500202,2026-05-07,CLE,Cleveland Cavaliers,DET,Detroit Pistons,L,97,107,-10,0.46296296296296297,0.1058914131690412,0.23076923076923078,0.3333333333333333,0.3950617283950617,1.8181818181818181,-0.11203703703703703,0.021809962076538368,-0.07692307692307693,0.08333333333333333,0.04506172839506173,0.2027972027972028
0042500202,2026-05-07,DET,Detroit Pistons,CLE,Cleveland Cavaliers,W,107,97,10,0.575,0.12770137524557956,0.3076923076923077,0.25,0.35,1.6153846153846154,0.11203703703703703,-0.021809962076538368,0.07692307692307693,-0.08333333333333333,-0.04506172839506173,-0.2027972027972028
0042500222,2026-05-07,LAL,Los Angeles Lakers,OKC,Oklahoma City Thunder,L,107,125,-18,0.5705128205128205,0.19401330376940132,0.30303030303030304,0.2692307692307692,0.3717948717948718,1.1428571428571428,-0.0714624881291548,-0.062483803581502045,-0.0073145245559038665,-0.051756885090218425,-0.07264957264957266,-0.7142857142857142
0042500222,2026-05-07,OKC,Oklahoma City Thunder,LAL,Los Angeles Lakers,W,125,107,18,0.6419753086419753,0.13152950018789927,0.3103448275862069,0.32098765432098764,0.4444444444444444,1.8571428571428572,0.0714624881291548,0.062483803581502045,0.0073145245559038665,0.051756885090218425,0.07264957264957266,0.7142857142857142
0042500213,2026-05-08,NYK,New York Knicks,PHI,Philadelphia 76ers,W,108,94,14,0.5592105263157895,0.1427483821850019,0.35135135135135137,0.42105263157894735,0.35526315789473684,1.6666666666666667,0.07706766917293233,-0.03494751977810265,0.15135135135135136,0.23057644110275688,-0.02568922305764411,-0.4242424242424242
0042500213,2026-05-08,PHI,Philadelphia 76ers,NYK,New York Knicks,L,94,108,-14,0.48214285714285715,0.10780086240689926,0.2,0.19047619047619047,0.38095238095238093,2.090909090909091,-0.07706766917293233,0.03494751977810265,-0.15135135135135136,-0.23057644110275688,0.02568922305764411,0.4242424242424242
0042500233,2026-05-08,MIN,Minnesota Timberwolves,SAS,San Antonio Spurs,L,108,115,-7,0.45454545454545453,0.0998003992015968,0.2727272727272727,0.21212121212121213,0.40404040404040403,1.8333333333333333,-0.0748663101604278,-0.008492875461640634,0.10251450676982592,-0.17611408199643494,0.015805109922756983,-0.7666666666666667
0042500233,2026-05-08,SAS,San Antonio Spurs,MIN,Minnesota Timberwolves,W,115,108,7,0.5294117647058824,0.09130752373995617,0.1702127659574468,0.38823529411764707,0.38823529411764707,2.6,0.0748663101604278,0.008492875461640634,-0.10251450676982592,0.17611408199643494,-0.015805109922756983,0.7666666666666667
0042500203,2026-05-09,CLE,Cleveland Cavaliers,DET,Detroit Pistons,W,116,109,7,0.6621621621621622,0.14804579549940783,0.17857142857142858,0.3783783783783784,0.43243243243243246,1.4666666666666668,0.16216216216216217,-0.010918610034889475,-0.1992063492063492,0.1366201366201366,0.1577071577071577,0.0291666666666667
0042500203,2026-05-09,DET,Detroit Pistons,CLE,Cleveland Cavaliers,L,109,116,-7,0.5,0.13712718546451835,0.37777777777777777,0.24175824175824176,0.27472527472527475,1.4375,-0.16216216216216217,0.010918610034889475,0.1992063492063492,-0.1366201366201366,-0.1577071577071577,-0.0291666666666667
0042500223,2026-05-09,LAL,Los Angeles Lakers,OKC,Oklahoma City Thunder,L,108,131,-23,0.5555555555555556,0.1559633027522936,0.3111111111111111,0.30864197530864196,0.37037037037037035,1.8235294117647058,-0.09869976359338062,-0.06371238024306848,-0.031746031746031744,0.20225899658523772,-0.0338849487785658,-1.1764705882352942
0042500223,2026-05-09,OKC,Oklahoma City Thunder,LAL,Los Angeles Lakers,W,131,108,23,0.6542553191489362,0.09225092250922509,0.34285714285714286,0.10638297872340426,0.40425531914893614,3.0,0.09869976359338062,0.06371238024306848,0.031746031746031744,-0.20225899658523772,0.0338849487785658,1.1764705882352942
0042500214,2026-05-10,NYK,New York Knicks,PHI,Philadelphia 76ers,W,144,114,30,0.6758241758241759,0.09585221331474382,0.39473684210526316,0.31868131868131866,0.4835164835164835,3.0,0.12931254791719907,-0.003533158661863459,0.21524966261808368,-0.006900076667518528,0.076539739330437,0.6
0042500214,2026-05-10,PHI,Philadelphia 76ers,NYK,New York Knicks,L,114,144,-30,0.5465116279069767,0.09231905465288036,0.1794871794871795,0.32558139534883723,0.4069767441860465,2.4,-0.12931254791719907,0.003533158661863459,-0.21524966261808368,0.006900076667518528,-0.076539739330437,-0.6
0042500234,2026-05-10,MIN,Minnesota Timberwolves,SAS,San Antonio Spurs,W,114,109,5,0.5,0.14086841233012926,0.3488372093023256,0.23404255319148937,0.2872340425531915,1.1764705882352942,-0.011627906976744186,-0.0157343401098933,0.07224146462147452,-0.07991093518060366,-0.015091538842157347,-0.0378151260504202
0042500234,2026-05-10,SAS,San Antonio Spurs,MIN,Minnesota Timberwolves,L,109,114,-5,0.5116279069767442,0.12513407222023595,0.2765957446808511,0.313953488372093,0.3023255813953488,1.2142857142857142,0.011627906976744186,0.0157343401098933,-0.07224146462147452,0.07991093518060366,0.015091538842157347,0.0378151260504202
0042500204,2026-05-11,CLE,Cleveland Cavaliers,DET,Detroit Pistons,W,112,103,9,0.5256410256410257,0.1389403482771397,0.3333333333333333,0.4358974358974359,0.5256410256410257,1.5333333333333332,-0.040624034599938214,0.04576596867890022,-0.010416666666666666,0.29131912264442383,0.24853259190608587,0.3833333333333333
0042500204,2026-05-11,DET,Detroit Pistons,CLE,Cleveland Cavaliers,L,103,112,-9,0.5662650602409639,0.1847063169560399,0.34375,0.14457831325301204,0.27710843373493976,1.15,0.040624034599938214,-0.04576596867890022,0.010416666666666666,-0.29131912264442383,-0.24853259190608587,-0.3833333333333333
0042500224,2026-05-11,LAL,Los Angeles Lakers,OKC,Oklahoma City Thunder,L,110,115,-5,0.5733333333333334,0.17944843218738193,0.2,0.36,0.37333333333333335,0.9473684210526315,-0.01308641975308642,-0.06357357703095089,0.03333333333333333,0.0637037037037037,-0.009382716049382716,-0.6359649122807017
0042500224,2026-05-11,OKC,Oklahoma City Thunder,LAL,Los Angeles Lakers,W,115,110,5,0.5864197530864198,0.11587485515643106,0.16666666666666666,0.2962962962962963,0.38271604938271603,1.5833333333333333,0.01308641975308642,0.06357357703095089,-0.03333333333333333,-0.0637037037037037,0.009382716049382716,0.6359649122807017
0042500235,2026-05-12,MIN,Minnesota Timberwolves,SAS,San Antonio Spurs,L,97,126,-29,0.4397590361445783,0.14260249554367202,0.20408163265306123,0.3614457831325301,0.39759036144578314,1.0625,-0.1501286043048599,-0.013158242868490792,-0.05173232083531087,0.05807499661567619,0.03803979964803032,-0.6041666666666667
0042500235,2026-05-12,SAS,San Antonio Spurs,MIN,Minnesota Timberwolves,W,126,97,29,0.5898876404494382,0.12944425267518123,0.2558139534883721,0.30337078651685395,0.3595505617977528,1.6666666666666667,0.1501286043048599,0.013158242868490792,0.05173232083531087,-0.05807499661567619,-0.03803979964803032,0.6041666666666667
0042500205,2026-05-13,CLE,Cleveland Cavaliers,DET,Detroit Pistons,W,117,113,4,0.5375,0.1494899753781217,0.34210526315789475,0.475,0.4375,1.4705882352941175,0.0375,-0.02322734911549544,0.016018306636155607,0.2644736842105263,0.09013157894736842,-0.3960784313725491
0042500205,2026-05-13,DET,Detroit Pistons,CLE,Cleveland Cavaliers,L,113,117,-4,0.5,0.12626262626262627,0.32608695652173914,0.21052631578947367,0.3473684210526316,1.8666666666666667,-0.0375,0.02322734911549544,-0.016018306636155607,-0.2644736842105263,-0.09013157894736842,0.3960784313725491
0042500206,2026-05-15,CLE,Cleveland Cavaliers,DET,Detroit Pistons,L,94,115,-21,0.4675324675324675,0.18148820326678766,0.34782608695652173,0.38961038961038963,0.45454545454545453,0.75,-0.1544187519797276,-0.015375246456156429,-0.0035252643948296123,0.15790307253721889,0.015521064301552107,-0.638888888888889
0042500206,2026-05-15,DET,Detroit Pistons,CLE,Cleveland Cavaliers,W,115,94,21,0.6219512195121951,0.16611295681063123,0.35135135135135137,0.23170731707317074,0.43902439024390244,1.3888888888888888,0.1544187519797276,0.015375246456156429,0.0035252643948296123,-0.15790307253721889,-0.015521064301552107,0.638888888888889
0042500236,2026-05-15,MIN,Minnesota Timberwolves,SAS,San Antonio Spurs,L,109,139,-30,0.4339622641509434,0.041583499667332005,0.15789473684210525,0.19811320754716982,0.32075471698113206,5.0,-0.2251286449399657,0.0964903698528613,-0.21710526315789475,-0.108704974271012,-0.11106346483704975,2.875
0042500236,2026-05-15,SAS,San Antonio Spurs,MIN,Minnesota Timberwolves,W,139,109,30,0.6590909090909091,0.1380738695201933,0.375,0.3068181818181818,0.4318181818181818,2.125,0.2251286449399657,-0.0964903698528613,0.21710526315789475,0.108704974271012,0.11106346483704975,-2.875
0042500207,2026-05-17,CLE,Cleveland Cavaliers,DET,Detroit Pistons,W,125,94,31,0.5705882352941176,0.11077027948193592,0.3111111111111111,0.5176470588235295,0.4,2.3846153846153846,0.14705882352941177,0.022255616225761842,0.09371980676328502,0.17647058823529413,-0.058823529411764705,0.9846153846153846
0042500207,2026-05-17,DET,Detroit Pistons,CLE,Cleveland Cavaliers,L,94,125,-31,0.4235294117647059,0.13302589570769777,0.21739130434782608,0.3411764705882353,0.4588235294117647,1.4,-0.14705882352941177,-0.022255616225761842,-0.09371980676328502,-0.17647058823529413,0.058823529411764705,-0.9846153846153846
0042500311,2026-05-18,OKC,Oklahoma City Thunder,SAS,San Antonio Spurs,L,115,122,-7,0.4900990099009901,0.12061756191701511,0.16363636363636364,0.18811881188118812,0.44554455445544555,1.6666666666666667,-0.004692656765676568,0.05394224379033157,-0.1624505928853755,-0.11396452145214521,-0.002372112211221122,0.5797101449275363
0042500311,2026-05-18,SAS,San Antonio Spurs,OKC,Oklahoma City Thunder,W,122,115,7,0.4947916666666667,0.1745598057073467,0.32608695652173914,0.3020833333333333,0.4479166666666667,1.0869565217391304,0.004692656765676568,-0.05394224379033157,0.1624505928853755,0.11396452145214521,0.002372112211221122,-0.5797101449275363
0042500301,2026-05-19,CLE,Cleveland Cavaliers,NYK,New York Knicks,L,104,115,-11,0.4888888888888889,0.17338177014531045,0.22448979591836735,0.25555555555555554,0.5555555555555556,1.0952380952380951,-0.0452020202020202,-0.016460726207418133,-0.025510204081632654,-0.10808080808080808,0.1919191919191919,0.0426065162907268
0042500301,2026-05-19,NYK,New York Knicks,CLE,Cleveland Cavaliers,W,115,104,11,0.5340909090909091,0.1569210439378923,0.25,0.36363636363636365,0.36363636363636365,1.0526315789473684,0.0452020202020202,0.016460726207418133,0.025510204081632654,0.10808080808080808,-0.1919191919191919,-0.0426065162907268
0042500312,2026-05-20,OKC,Oklahoma City Thunder,SAS,San Antonio Spurs,W,122,113,9,0.5478723404255319,0.08729050279329609,0.3695652173913043,0.2553191489361702,0.3829787234042553,3.4,-0.03546099290780142,0.09940935495919324,-0.030434782608695653,0.05293819655521783,-0.09321175278622088,2.3523809523809525
0042500312,2026-05-20,SAS,San Antonio Spurs,OKC,Oklahoma City Thunder,L,113,122,-9,0.5833333333333334,0.18669985775248932,0.4,0.20238095238095238,0.47619047619047616,1.0476190476190477,0.03546099290780142,-0.09940935495919324,0.030434782608695653,-0.05293819655521783,0.09321175278622088,-2.3523809523809525
0042500302,2026-05-21,CLE,Cleveland Cavaliers,NYK,New York Knicks,L,93,109,-16,0.44375,0.07836990595611286,0.2708333333333333,0.4,0.4375,1.875,-0.15036764705882352,0.0023077866618782727,0.12377450980392157,0.23529411764705882,0.013970588235294118,-2.125
0042500302,2026-05-21,NYK,New York Knicks,CLE,Cleveland Cavaliers,W,109,93,16,0.5941176470588235,0.08067769261799113,0.14705882352941177,0.16470588235294117,0.4235294117647059,4.0,0.15036764705882352,-0.0023077866618782727,-0.12377450980392157,-0.23529411764705882,-0.013970588235294118,2.125
0042500313,2026-05-22,OKC,Oklahoma City Thunder,SAS,San Antonio Spurs,W,123,108,15,0.5864197530864198,0.10326699211415696,0.2,0.4074074074074074,0.4691358024691358,2.6363636363636362,0.08016975308641976,0.033694293495777294,-0.009302325581395349,-0.005092592592592593,-0.0433641975308642,0.9030303030303031
0042500313,2026-05-22,SAS,San Antonio Spurs,OKC,Oklahoma City Thunder,L,108,123,-15,0.50625,0.13696128560993426,0.20930232558139536,0.4125,0.5125,1.7333333333333334,-0.08016975308641976,-0.033694293495777294,0.009302325581395349,0.005092592592592593,0.0433641975308642,-0.9030303030303031
0042500303,2026-05-23,CLE,Cleveland Cavaliers,NYK,New York Knicks,L,108,121,-13,0.5714285714285714,0.16310257339615802,0.23684210526315788,0.2261904761904762,0.4880952380952381,1.222222222222222,-0.05844155844155844,-0.018705191802010936,-0.005582137161084529,-0.12445887445887446,0.12445887445887446,-0.5777777777777778
0042500303,2026-05-23,NYK,New York Knicks,CLE,Cleveland Cavaliers,W,121,108,13,0.6298701298701299,0.14439738159414708,0.24242424242424243,0.35064935064935066,0.36363636363636365,1.8,0.05844155844155844,0.018705191802010936,0.005582137161084529,0.12445887445887446,-0.12445887445887446,0.5777777777777778
0042500314,2026-05-24,OKC,Oklahoma City Thunder,SAS,San Antonio Spurs,L,82,103,-21,0.3626373626373626,0.16818028927009754,0.22448979591836735,0.1978021978021978,0.3626373626373626,1.1,-0.07625152625152626,-0.057145099656158355,-0.05551020408163265,-0.15775335775335775,-0.00402930402930403,-0.8230769230769232
0042500314,2026-05-24,SAS,San Antonio Spurs,OKC,Oklahoma City Thunder,W,103,82,21,0.4388888888888889,0.11103518961393918,0.28,0.35555555555555557,0.36666666666666664,1.9230769230769231,0.07625152625152626,0.057145099656158355,0.05551020408163265,0.15775335775335775,0.00402930402930403,0.8230769230769232
0042500304,2026-05-25,CLE,Cleveland Cavaliers,NYK,New York Knicks,L,93,130,-37,0.487012987012987,0.20242914979757085,0.13043478260869565,0.2857142857142857,0.5194805194805194,0.9545454545454546,-0.09972170686456401,-0.07927644043796495,-0.29509713228492135,0.08163265306122448,0.08070500927643785,-1.2454545454545454
0042500304,2026-05-25,NYK,New York Knicks,CLE,Cleveland Cavaliers,W,130,93,37,0.5867346938775511,0.12315270935960591,0.425531914893617,0.20408163265306123,0.4387755102040816,2.2,0.09972170686456401,0.07927644043796495,0.29509713228492135,-0.08163265306122448,-0.08070500927643785,1.2454545454545454
0042500315,2026-05-26,OKC,Oklahoma City Thunder,SAS,San Antonio Spurs,W,127,114,13,0.5662650602409639,0.14564770390678547,0.35,0.4578313253012048,0.3855421686746988,1.5294117647058825,0.09887375589313777,-0.021762669218975756,0.04387755102040816,0.11000523834468308,-0.060110005238344685,-0.1372549019607843
0042500315,2026-05-26,SAS,San Antonio Spurs,OKC,Oklahoma City Thunder,L,114,127,-13,0.4673913043478261,0.12388503468780972,0.30612244897959184,0.34782608695652173,0.44565217391304346,1.6666666666666667,-0.09887375589313777,0.021762669218975756,-0.04387755102040816,-0.11000523834468308,0.060110005238344685,0.1372549019607843
0042500316,2026-05-28,OKC,Oklahoma City Thunder,SAS,San Antonio Spurs,L,91,118,-27,0.425531914893617,0.11578197363733524,0.22641509433962265,0.1276595744680851,0.425531914893617,1.6923076923076923,-0.12560444874274662,0.0002894549340933381,-0.041877588587206624,-0.156431334622824,-0.04037717601547389,-0.6153846153846154
0042500316,2026-05-28,SAS,San Antonio Spurs,OKC,Oklahoma City Thunder,W,118,91,27,0.5511363636363636,0.11607142857142858,0.2682926829268293,0.2840909090909091,0.4659090909090909,2.3076923076923075,0.12560444874274662,-0.0002894549340933381,0.041877588587206624,0.156431334622824,0.04037717601547389,0.6153846153846154
0042500317,2026-05-30,OKC,Oklahoma City Thunder,SAS,San Antonio Spurs,L,103,111,-8,0.5180722891566265,0.13123359580052493,0.2857142857142857,0.26506024096385544,0.42168674698795183,1.6428571428571428,-0.03306407447973713,-0.02049162459343745,-0.06312292358803986,0.04915115005476451,-0.03285870755750274,-0.1071428571428571
0042500317,2026-05-30,SAS,San Antonio Spurs,OKC,Oklahoma City Thunder,W,111,103,8,0.5511363636363636,0.11074197120708748,0.3488372093023256,0.2159090909090909,0.45454545454545453,1.75,0.03306407447973713,0.02049162459343745,0.06312292358803986,-0.04915115005476451,0.03285870755750274,0.1071428571428571
0042500401,2026-06-03,NYK,New York Knicks,SAS,San Antonio Spurs,W,105,95,10,0.4734042553191489,0.08113956004327443,0.2,0.19148936170212766,0.3829787234042553,2.2222222222222223,0.052055940712407364,0.033904687744336186,-0.06415094339622641,-0.08940951470236672,-0.10016734401147502,0.9914529914529914
0042500401,2026-06-03,SAS,San Antonio Spurs,NYK,New York Knicks,L,95,105,-10,0.42134831460674155,0.11504424778761062,0.2641509433962264,0.2808988764044944,0.48314606741573035,1.2307692307692308,-0.052055940712407364,-0.033904687744336186,0.06415094339622641,0.08940951470236672,0.10016734401147502,-0.9914529914529914
0042500402,2026-06-05,NYK,New York Knicks,SAS,San Antonio Spurs,W,105,104,1,0.5,0.13246202755210174,0.2127659574468085,0.23595505617977527,0.42696629213483145,1.9333333333333333,-0.04487179487179487,0.018652441658325167,0.0845608292416803,-0.11019878997407087,0.05517142033995966,0.5583333333333333
0042500402,2026-06-05,SAS,San Antonio Spurs,NYK,New York Knicks,L,104,105,-1,0.5448717948717948,0.1511144692104269,0.1282051282051282,0.34615384615384615,0.3717948717948718,1.375,0.04487179487179487,-0.018652441658325167,-0.0845608292416803,0.11019878997407087,-0.05517142033995966,-0.5583333333333333
0042500403,2026-06-08,NYK,New York Knicks,SAS,San Antonio Spurs,L,111,115,-4,0.5284090909090909,0.117455728225515,0.27906976744186046,0.25,0.42045454545454547,1.3846153846153846,-0.007305194805194805,-0.04204094692838076,0.12906976744186047,-0.13095238095238096,0.015692640692640692,-2.1153846153846154
0042500403,2026-06-08,SAS,San Antonio Spurs,NYK,New York Knicks,W,115,111,4,0.5357142857142857,0.07541478129713423,0.15,0.38095238095238093,0.40476190476190477,3.5,0.007305194805194805,0.04204094692838076,-0.12906976744186047,0.13095238095238096,-0.015692640692640692,2.1153846153846154
0042500404,2026-06-10,NYK,New York Knicks,SAS,San Antonio Spurs,W,107,106,1,0.5576923076923077,0.1424230915305735,0.21052631578947367,0.358974358974359,0.41025641025641024,1.5333333333333332,0.04025044722719141,-0.030063540968775736,-0.06854345165238677,0.12641621943947526,-0.08974358974358974,-0.4666666666666667
0042500404,2026-06-10,SAS,San Antonio Spurs,NYK,New York Knicks,L,106,107,-1,0.5174418604651163,0.11235955056179775,0.27906976744186046,0.23255813953488372,0.5,2.0,-0.04025044722719141,0.030063540968775736,0.06854345165238677,-0.12641621943947526,0.08974358974358974,0.4666666666666667
0042500405,2026-06-13,NYK,New York Knicks,SAS,San Antonio Spurs,W,94,90,4,0.42528735632183906,0.12354394634662902,0.2826086956521739,0.3218390804597701,0.42528735632183906,1.0,-0.028201015771184175,-0.00245601788165137,-0.0031055900621118015,0.10090884790163059,-0.004945201817695803,-0.3846153846153846
0042500405,2026-06-13,SAS,San Antonio Spurs,NYK,New York Knicks,L,90,94,-4,0.45348837209302323,0.12108792846497765,0.2857142857142857,0.22093023255813954,0.43023255813953487,1.3846153846153846,0.028201015771184175,0.00245601788165137,0.0031055900621118015,-0.10090884790163059,0.004945201817695803,0.3846153846153846
